,-128.05316360383367,67.79321900285649,82.86223341741389,-155.56828491555282,-68.62311296598241,-167.79010569415806
-67.44896732818914,-178.39286068828633,53.83194009375417,83.37775487898406,-145.14926952070115,-76.78841826797789,-163.82390812134662
-74.45973984392622,169.69458561372738,59.47676704782584,80.73266132511293,-148.283286963682,-80.02554011297077,-161.88904439950804
-64.43712758900914,162.19448355060712,60.72375461986063,82.16380157144667,-157.37235666310977,-68.65904434001165,-168.67124362975503
-74.74504957559817,-176.47255224124896,53.35602211784453,84.94385620846582,-137.46486688515006,-81.71801600837658,-162.85772239034603
-48.819112329303564,157.5667150109444,55.30743565278651,81.26223116387295,-150.99690561565973,-77.00844326668484,-160.0251830198913
-59.49784432903746,-178.7203858706987,62.506180172759905,137.25687250243237,-105.93394307369906,-51.95980107750418,-133.07890198989514
-83.82061705274663,-145.64895298279512,55.41782356909208,78.6440254400971,-142.7997963227104,-118.57749313515484,-161.52937739533905
-69.71113176738393,-141.74494434736278,52.25670784236614,147.77230515831423,-152.19736813737617,-74.1243360763434,-70.50473003086967
-137.09770529395198,167.90551390516006,48.16023382756651,87.21462317268505,-150.4692318914997,-69.89343090400789,-160.91277571641334
-67.79584495634404,172.8690043003013,51.82056224159613,80.66494797264171,-158.5317800235473,-65.16808552030706,-158.2543805785581
166.57374292554306,-169.89035653630626,178.56992760798263,82.5122038740504,-153.13157697087394,-97.3899244050178,-168.32721049580132
83.35249674295527,-158.27841999389392,-114.59093545228679,92.03837431345497,-125.51927061637149,-57.251012672592736,-170.73560439940618
-55.06447958615919,162.4603779679593,51.89176232200094,79.82580682348909,163.70716033109846,-31.194655367624627,-164.51034963997904
-1.1612741774817805,-159.43682570871556,59.038951148323505,150.6005378130652,-95.22611219794732,-179.0942324752961,-99.54290720844186
-71.41964816311673,-178.86303934014776,53.82411377978493,153.8031061697505,-91.62048467313092,-83.73474898531934,-80.3300731757597
-81.33230849725881,-150.73579049768566,47.75580189266545,89.93604828269794,-122.27285508456652,-54.10361998457764,177.7841569897417
-75.55071170184803,148.56510386993685,-176.6020973907193,78.2284892387955,-168.9363106722315,-75.55206160125647,-160.21187762645766
158.77399848972783,153.49355311608215,179.25343939256607,81.9992129014151,-144.96512568333264,-80.44513463282372,-175.5144218071589
-53.30762091305254,174.75807608112024,52.48162557562371,82.30034349099192,-155.34704188633125,-66.43990213564031,-158.02764228008186
-68.76671313523157,178.23007950890565,46.82242439326451,83.60447450087587,-144.2538923234656,-72.82492230097576,-160.67508497182257
-65.08737705637843,168.8716340359845,53.88345143170946,83.25468335894773,176.24724964995193,26.932937211852355,-160.26279087306793
-115.16978077396949,166.8529408382467,43.622994474850266,83.42673452167276,-148.53634168835146,-73.43311125368251,-168.1862044949333
-72.43853861922967,178.32574142334158,49.30870939833467,80.11469250433588,-152.09805049555274,-66.98532427884548,-160.61842488306286
-66.55284914971092,173.9556591025079,55.5598034333401,81.36115286767226,-155.52140194172756,-78.25993190577374,-165.8729854428918
-53.96559913002752,165.9287212819224,56.92971283229975,83.56285177119072,-144.71624052670882,-62.267931691385996,-171.74833432080092
-69.94656944417333,177.76705017036636,52.309599057552965,83.74821522875266,-179.80890303263462,6.887477168322622,-156.70056843839149
-120.08387054924789,-177.01215597971162,47.000770017917475,82.12330300508732,173.23931874216677,-76.96355300397188,-148.16664233641265
-130.07139993394813,163.71279472514823,40.21078192528309,80.88234636305057,-143.67082691433382,-59.500364839289404,-154.38574092565753
-52.4327875186267,165.6902407806219,51.25712810003979,72.2195981013828,157.66234631912533,-2.559221402953211,-158.39821601205912
-116.75731915476612,-179.98143828247692,46.93016579544998,82.45853640296636,-168.84070854623326,38.58429546023891,-169.36011371466518
-134.06629950562026,-179.3670189619926,52.444252249522606,78.87106091021265,-137.30137406068593,-84.70826210683691,-169.0334543736096
-47.86859437310773,158.67318986074528,55.5970534348011,79.75756968886546,-160.3270247942671,-70.30490631806151,-169.00790196034373
-67.01461864230737,-178.30327730178206,55.59576452964883,81.59183629678317,-154.8724267752625,-76.39260625762562,-160.2495762755223
-59.69234194541518,162.12492309264908,60.04220514123437,85.30687171410318,-142.83399040094716,-57.17071141385198,-159.4279442329068
-71.93027947427903,-176.93226507195035,50.98475328419917,87.55354922860309,166.92917046357655,83.38271611237575,-149.2960112249865
2.1282852208791256,-164.00685068692692,44.36494071190033,146.14243645554143,-93.66263840662862,-78.04196901934915,-111.99454393329226
-73.48296610307868,-174.25686253389037,161.4959350142714,145.55492954456133,-88.81687481865643,-128.43186794093148,-140.13338553078
-122.453257314531,177.22296501503385,42.075688878928005,80.39187287517193,-150.60003850240494,-67.78915694972711,-165.2575884746159
-63.906463956069956,176.81389435559714,52.81348238364615,79.42825673750724,-150.41090838262053,-71.32433344153037,-156.60547158925485
-64.68851751686465,173.63966797569753,48.54327307909154,80.28867356298929,-156.46214700684462,-69.42236305212073,-164.04731207441702
-56.867088840495825,171.46430343349894,56.15412598018135,83.91405724987727,-169.38341744003708,50.03126640741739,-169.23650182552373
86.07572169548271,171.80453482169773,53.30550631323523,83.40437275624416,-132.70793421317828,-70.64791001006385,-161.45893874153367
-65.65838116763256,167.06954364854866,57.46346196100351,81.65630802343854,147.02376726062928,65.29446414785825,-159.31237340464602
80.34385635987641,-158.8402332889719,63.677879936017554,84.57503672759631,-148.82037318070462,-53.724519650267936,-165.59683578292058
-72.16166163149501,179.45442938395047,66.01769182469548,148.30393503718477,-97.06916310008344,-66.35573804556216,-117.75995105016426
-84.28809929325041,179.826588223383,38.237020625382065,82.96449050906068,-152.34213215543465,-74.4955273346149,-166.6703394201618
-60.06986563214093,179.6380646497879,46.85311592052535,80.53051096415123,-145.61785253897236,-74.14008521636809,-158.65332930286127
-62.016862037713246,167.26147058673428,50.948161844700536,80.7152488270104,-152.33275233478534,-70.72344156345531,-152.59348932885314
-66.85220168296665,179.97672734621338,44.051767275350045,75.80956949694604,-147.48059167336746,-76.51980336343819,-161.79814366299973
-43.95776011669349,164.22613667698215,49.87562949977129,79.75487923056556,-152.03156281110788,-73.33508309077509,-172.77737765554556
-57.891078477921454,178.5446009802888,52.046193354797865,81.7240995046114,-150.97200653591275,-73.54886467041379,-164.9102005404005
-61.95302451472377,164.0962704555864,54.239792075924,83.1996201127727,-152.18628502472833,-78.33884477592801,-162.8274036385391
-59.84553838972624,175.3358032063032,47.282965650089935,82.18513645841162,-152.9416349352022,-65.39001282301936,-160.12684710417267
-63.75402049721563,168.08209341770745,55.09449659729832,79.11859679875894,-155.366452500127,-85.6429201886116,-161.44356617994717
-61.653257647238384,164.64207323599956,53.12205448306671,78.97330854191387,-158.51726349093553,-64.50479318129373,-151.98852202427662
-78.35547579104698,173.62261271958627,60.31242049574047,80.27648607341663,-149.55165275007963,-68.40953969251757,-162.82285957438756
-73.18227900356656,176.2358150518565,62.07857267694371,82.98929722836805,-152.33545317327187,-67.87838865547835,-161.61410035769046
-63.29662015535808,177.6619848741151,50.4009029943552,81.55920238444097,-148.15502934545873,-66.14953372209752,-167.4398048472152
-66.88478602675094,-174.92842830341942,50.68976381126207,85.87471961133139,-145.0037543430967,-58.83563688144951,-153.07400604415076
-52.33381066728119,175.66618759832522,42.30225534759902,85.55704978591376,-131.93555170625245,163.9038931413716,-151.66511844897752
-70.95516604281292,130.17765859192966,164.63897278765597,160.90696122459616,,,138.46664631537735
